{"schemaVersion":"1.0","appDefinitionTemplate":{"id":"/providers/Microsoft.PowerApps/apps/","type":"Microsoft.PowerApps/apps","tags":{"minimumRequiredApiVersion":"2.2.0"},"properties":{"appVersion":"2018-09-20T03:01:10Z","lifeCycleId":"Published","createdByClientVersion":{"major":3,"minor":18091,"build":19,"revision":0,"majorRevision":0,"minorRevision":0},"minClientVersion":{"major":3,"minor":18091,"build":19,"revision":0,"majorRevision":0,"minorRevision":0},"backgroundColor":"rgba(165, 34, 55, 1)","backgroundImageUri":"/2232932323999156094/Ne92cb8ca-cbf0-4031-bb97-6d3495ece6a2-logoSmallFile","displayName":"SP Photo Uploader","description":"","appUris":{"documentUri":{"value":"/2232932323999156094/Nf19310db-05c3-4ba9-86bc-15810823c416-document.msapp","readonlyValue":"/2232932323999156094/Nf19310db-05c3-4ba9-86bc-15810823c416-document.msapp"},"imageUris":[]},"createdTime":"0001-01-01T00:00:00Z","lastModifiedTime":"0001-01-01T00:00:00Z","sharedGroupsCount":0,"sharedUsersCount":0,"icons":{"smallIconUri":"/2232932323999156094/Naacf3ed4-f69d-4f97-86f6-c09570d03297-small.png","mediumIconUri":"/2232932323999156094/N88bf5fa5-44f8-45cd-b3b6-fbdc96670f0c-medium.png","largeIconUri":"/2232932323999156094/N282cb732-58cf-4cda-842b-ef5c677d3c9e-large.png","wideIconUri":"/2232932323999156094/N3748f791-b0a0-433e-96ec-c85917f4051b-wide.png"},"connectionReferences":{},"almMode":"Environment"}}}